DATAFLOW,LAST UPDATE,freq,unit,nace_r2,na_item,geo,TIME_PERIOD,OBS_VALUE,OBS_FLAG,CONF_STATUS
ESTAT:NAMA_10_A10(1.0),28/01/26 11:00:00,A,CLV15_MEUR,B-E,B1G,DE,1991,548849.3,,
ESTAT:NAMA_10_A10(1.0),28/01/26 11:00:00,A,CLV15_MEUR,B-E,B1G,DE,1992,534371.7,,
ESTAT:NAMA_10_A10(1.0),28/01/26 11:00:00,A,CLV15_MEUR,B-E,B1G,DE,1993,495651.1,,
ESTAT:NAMA_10_A10(1.0),28/01/26 11:00:00,A,CLV15_MEUR,B-E,B1G,DE,1994,506167.8,,
ESTAT:NAMA_10_A10(1.0),28/01/26 11:00:00,A,CLV15_MEUR,B-E,B1G,DE,1995,506099.5,,
ESTAT:NAMA_10_A10(1.0),28/01/26 11:00:00,A,CLV15_MEUR,B-E,B1G,DE,1996,494763.3,,
ESTAT:NAMA_10_A10(1.0),28/01/26 11:00:00,A,CLV15_MEUR,B-E,B1G,DE,1997,510060.4,,
ESTAT:NAMA_10_A10(1.0),28/01/26 11:00:00,A,CLV15_MEUR,B-E,B1G,DE,1998,515591.9,,
ESTAT:NAMA_10_A10(1.0),28/01/26 11:00:00,A,CLV15_MEUR,B-E,B1G,DE,1999,519757.6,,
ESTAT:NAMA_10_A10(1.0),28/01/26 11:00:00,A,CLV15_MEUR,B-E,B1G,DE,2000,549600.5,,
ESTAT:NAMA_10_A10(1.0),28/01/26 11:00:00,A,CLV15_MEUR,B-E,B1G,DE,2001,553288.1,,
ESTAT:NAMA_10_A10(1.0),28/01/26 11:00:00,A,CLV15_MEUR,B-E,B1G,DE,2002,540791.0,,
ESTAT:NAMA_10_A10(1.0),28/01/26 11:00:00,A,CLV15_MEUR,B-E,B1G,DE,2003,544273.8,,
ESTAT:NAMA_10_A10(1.0),28/01/26 11:00:00,A,CLV15_MEUR,B-E,B1G,DE,2004,566877.9,,
ESTAT:NAMA_10_A10(1.0),28/01/26 11:00:00,A,CLV15_MEUR,B-E,B1G,DE,2005,573638.7,,
ESTAT:NAMA_10_A10(1.0),28/01/26 11:00:00,A,CLV15_MEUR,B-E,B1G,DE,2006,609354.5,,
ESTAT:NAMA_10_A10(1.0),28/01/26 11:00:00,A,CLV15_MEUR,B-E,B1G,DE,2007,637285.2,,
ESTAT:NAMA_10_A10(1.0),28/01/26 11:00:00,A,CLV15_MEUR,B-E,B1G,DE,2008,628817.2,,
ESTAT:NAMA_10_A10(1.0),28/01/26 11:00:00,A,CLV15_MEUR,B-E,B1G,DE,2009,525698.8,,
ESTAT:NAMA_10_A10(1.0),28/01/26 11:00:00,A,CLV15_MEUR,B-E,B1G,DE,2010,617890.8,,
ESTAT:NAMA_10_A10(1.0),28/01/26 11:00:00,A,CLV15_MEUR,B-E,B1G,DE,2011,650943.3,,
ESTAT:NAMA_10_A10(1.0),28/01/26 11:00:00,A,CLV15_MEUR,B-E,B1G,DE,2012,653401.7,,
ESTAT:NAMA_10_A10(1.0),28/01/26 11:00:00,A,CLV15_MEUR,B-E,B1G,DE,2013,645616.6,,
ESTAT:NAMA_10_A10(1.0),28/01/26 11:00:00,A,CLV15_MEUR,B-E,B1G,DE,2014,675869.3,,
ESTAT:NAMA_10_A10(1.0),28/01/26 11:00:00,A,CLV15_MEUR,B-E,B1G,DE,2015,684747.0,,
ESTAT:NAMA_10_A10(1.0),28/01/26 11:00:00,A,CLV15_MEUR,B-E,B1G,DE,2016,711585.1,,
ESTAT:NAMA_10_A10(1.0),28/01/26 11:00:00,A,CLV15_MEUR,B-E,B1G,DE,2017,736715.9,,
ESTAT:NAMA_10_A10(1.0),28/01/26 11:00:00,A,CLV15_MEUR,B-E,B1G,DE,2018,744159.6,,
ESTAT:NAMA_10_A10(1.0),28/01/26 11:00:00,A,CLV15_MEUR,B-E,B1G,DE,2019,737467.1,,
ESTAT:NAMA_10_A10(1.0),28/01/26 11:00:00,A,CLV15_MEUR,B-E,B1G,DE,2020,682903.2,,
ESTAT:NAMA_10_A10(1.0),28/01/26 11:00:00,A,CLV15_MEUR,B-E,B1G,DE,2021,726677.2,,
ESTAT:NAMA_10_A10(1.0),28/01/26 11:00:00,A,CLV15_MEUR,B-E,B1G,DE,2022,725516.3,p,
ESTAT:NAMA_10_A10(1.0),28/01/26 11:00:00,A,CLV15_MEUR,B-E,B1G,DE,2023,710765.6,p,
ESTAT:NAMA_10_A10(1.0),28/01/26 11:00:00,A,CLV15_MEUR,B-E,B1G,DE,2024,682288.5,p,
ESTAT:NAMA_10_A10(1.0),28/01/26 11:00:00,A,CLV15_MEUR,B-E,B1G,DE,2025,675391.2,p,
ESTAT:NAMA_10_A10(1.0),28/01/26 11:00:00,A,CLV15_MEUR,B-E,B1G,ES,1995,131582.7,,
ESTAT:NAMA_10_A10(1.0),28/01/26 11:00:00,A,CLV15_MEUR,B-E,B1G,ES,1996,135379.6,,
ESTAT:NAMA_10_A10(1.0),28/01/26 11:00:00,A,CLV15_MEUR,B-E,B1G,ES,1997,142493.6,,
ESTAT:NAMA_10_A10(1.0),28/01/26 11:00:00,A,CLV15_MEUR,B-E,B1G,ES,1998,149079.2,,
ESTAT:NAMA_10_A10(1.0),28/01/26 11:00:00,A,CLV15_MEUR,B-E,B1G,ES,1999,156361.1,,
ESTAT:NAMA_10_A10(1.0),28/01/26 11:00:00,A,CLV15_MEUR,B-E,B1G,ES,2000,164199.9,,
ESTAT:NAMA_10_A10(1.0),28/01/26 11:00:00,A,CLV15_MEUR,B-E,B1G,ES,2001,169624.8,,
ESTAT:NAMA_10_A10(1.0),28/01/26 11:00:00,A,CLV15_MEUR,B-E,B1G,ES,2002,170252.4,,
ESTAT:NAMA_10_A10(1.0),28/01/26 11:00:00,A,CLV15_MEUR,B-E,B1G,ES,2003,173439.8,,
ESTAT:NAMA_10_A10(1.0),28/01/26 11:00:00,A,CLV15_MEUR,B-E,B1G,ES,2004,174680.7,,
ESTAT:NAMA_10_A10(1.0),28/01/26 11:00:00,A,CLV15_MEUR,B-E,B1G,ES,2005,176865.7,,
ESTAT:NAMA_10_A10(1.0),28/01/26 11:00:00,A,CLV15_MEUR,B-E,B1G,ES,2006,180275.3,,
ESTAT:NAMA_10_A10(1.0),28/01/26 11:00:00,A,CLV15_MEUR,B-E,B1G,ES,2007,182081.7,,
ESTAT:NAMA_10_A10(1.0),28/01/26 11:00:00,A,CLV15_MEUR,B-E,B1G,ES,2008,179743.1,,
ESTAT:NAMA_10_A10(1.0),28/01/26 11:00:00,A,CLV15_MEUR,B-E,B1G,ES,2009,160831.3,,
ESTAT:NAMA_10_A10(1.0),28/01/26 11:00:00,A,CLV15_MEUR,B-E,B1G,ES,2010,166319.2,,
ESTAT:NAMA_10_A10(1.0),28/01/26 11:00:00,A,CLV15_MEUR,B-E,B1G,ES,2011,165662.0,,
ESTAT:NAMA_10_A10(1.0),28/01/26 11:00:00,A,CLV15_MEUR,B-E,B1G,ES,2012,157022.0,,
ESTAT:NAMA_10_A10(1.0),28/01/26 11:00:00,A,CLV15_MEUR,B-E,B1G,ES,2013,150330.5,,
ESTAT:NAMA_10_A10(1.0),28/01/26 11:00:00,A,CLV15_MEUR,B-E,B1G,ES,2014,152466.9,,
ESTAT:NAMA_10_A10(1.0),28/01/26 11:00:00,A,CLV15_MEUR,B-E,B1G,ES,2015,157662.0,,
ESTAT:NAMA_10_A10(1.0),28/01/26 11:00:00,A,CLV15_MEUR,B-E,B1G,ES,2016,163266.2,,
ESTAT:NAMA_10_A10(1.0),28/01/26 11:00:00,A,CLV15_MEUR,B-E,B1G,ES,2017,170766.5,,
ESTAT:NAMA_10_A10(1.0),28/01/26 11:00:00,A,CLV15_MEUR,B-E,B1G,ES,2018,170927.7,,
ESTAT:NAMA_10_A10(1.0),28/01/26 11:00:00,A,CLV15_MEUR,B-E,B1G,ES,2019,174100.8,,
ESTAT:NAMA_10_A10(1.0),28/01/26 11:00:00,A,CLV15_MEUR,B-E,B1G,ES,2020,155929.0,,
ESTAT:NAMA_10_A10(1.0),28/01/26 11:00:00,A,CLV15_MEUR,B-E,B1G,ES,2021,164986.8,,
ESTAT:NAMA_10_A10(1.0),28/01/26 11:00:00,A,CLV15_MEUR,B-E,B1G,ES,2022,170817.0,,
ESTAT:NAMA_10_A10(1.0),28/01/26 11:00:00,A,CLV15_MEUR,B-E,B1G,ES,2023,167793.7,p,
ESTAT:NAMA_10_A10(1.0),28/01/26 11:00:00,A,CLV15_MEUR,B-E,B1G,ES,2024,170966.8,p,
ESTAT:NAMA_10_A10(1.0),28/01/26 11:00:00,A,CLV15_MEUR,B-E,B1G,FR,1975,141453.1,,
ESTAT:NAMA_10_A10(1.0),28/01/26 11:00:00,A,CLV15_MEUR,B-E,B1G,FR,1976,149636.4,,
ESTAT:NAMA_10_A10(1.0),28/01/26 11:00:00,A,CLV15_MEUR,B-E,B1G,FR,1977,156377.0,,
ESTAT:NAMA_10_A10(1.0),28/01/26 11:00:00,A,CLV15_MEUR,B-E,B1G,FR,1978,159195.2,,
ESTAT:NAMA_10_A10(1.0),28/01/26 11:00:00,A,CLV15_MEUR,B-E,B1G,FR,1979,163461.6,,
ESTAT:NAMA_10_A10(1.0),28/01/26 11:00:00,A,CLV15_MEUR,B-E,B1G,FR,1980,164085.7,,
ESTAT:NAMA_10_A10(1.0),28/01/26 11:00:00,A,CLV15_MEUR,B-E,B1G,FR,1981,163176.8,,
ESTAT:NAMA_10_A10(1.0),28/01/26 11:00:00,A,CLV15_MEUR,B-E,B1G,FR,1982,163511.3,,
ESTAT:NAMA_10_A10(1.0),28/01/26 11:00:00,A,CLV15_MEUR,B-E,B1G,FR,1983,166728.0,,
ESTAT:NAMA_10_A10(1.0),28/01/26 11:00:00,A,CLV15_MEUR,B-E,B1G,FR,1984,167593.2,,
ESTAT:NAMA_10_A10(1.0),28/01/26 11:00:00,A,CLV15_MEUR,B-E,B1G,FR,1985,169594.4,,
ESTAT:NAMA_10_A10(1.0),28/01/26 11:00:00,A,CLV15_MEUR,B-E,B1G,FR,1986,169556.8,,
ESTAT:NAMA_10_A10(1.0),28/01/26 11:00:00,A,CLV15_MEUR,B-E,B1G,FR,1987,170946.6,,
ESTAT:NAMA_10_A10(1.0),28/01/26 11:00:00,A,CLV15_MEUR,B-E,B1G,FR,1988,178790.9,,
ESTAT:NAMA_10_A10(1.0),28/01/26 11:00:00,A,CLV15_MEUR,B-E,B1G,FR,1989,186996.1,,
ESTAT:NAMA_10_A10(1.0),28/01/26 11:00:00,A,CLV15_MEUR,B-E,B1G,FR,1990,194152.4,,
ESTAT:NAMA_10_A10(1.0),28/01/26 11:00:00,A,CLV15_MEUR,B-E,B1G,FR,1991,196969.3,,
ESTAT:NAMA_10_A10(1.0),28/01/26 11:00:00,A,CLV15_MEUR,B-E,B1G,FR,1992,198637.4,,
ESTAT:NAMA_10_A10(1.0),28/01/26 11:00:00,A,CLV15_MEUR,B-E,B1G,FR,1993,194652.1,,
ESTAT:NAMA_10_A10(1.0),28/01/26 11:00:00,A,CLV15_MEUR,B-E,B1G,FR,1994,199508.1,,
ESTAT:NAMA_10_A10(1.0),28/01/26 11:00:00,A,CLV15_MEUR,B-E,B1G,FR,1995,208286.2,,
ESTAT:NAMA_10_A10(1.0),28/01/26 11:00:00,A,CLV15_MEUR,B-E,B1G,FR,1996,211920.8,,
ESTAT:NAMA_10_A10(1.0),28/01/26 11:00:00,A,CLV15_MEUR,B-E,B1G,FR,1997,219520.1,,
ESTAT:NAMA_10_A10(1.0),28/01/26 11:00:00,A,CLV15_MEUR,B-E,B1G,FR,1998,231887.2,,
ESTAT:NAMA_10_A10(1.0),28/01/26 11:00:00,A,CLV15_MEUR,B-E,B1G,FR,1999,240848.3,,
ESTAT:NAMA_10_A10(1.0),28/01/26 11:00:00,A,CLV15_MEUR,B-E,B1G,FR,2000,252664.7,,
ESTAT:NAMA_10_A10(1.0),28/01/26 11:00:00,A,CLV15_MEUR,B-E,B1G,FR,2001,256933.8,,
ESTAT:NAMA_10_A10(1.0),28/01/26 11:00:00,A,CLV15_MEUR,B-E,B1G,FR,2002,258757.8,,
ESTAT:NAMA_10_A10(1.0),28/01/26 11:00:00,A,CLV15_MEUR,B-E,B1G,FR,2003,263500.2,,
ESTAT:NAMA_10_A10(1.0),28/01/26 11:00:00,A,CLV15_MEUR,B-E,B1G,FR,2004,270344.6,,
ESTAT:NAMA_10_A10(1.0),28/01/26 11:00:00,A,CLV15_MEUR,B-E,B1G,FR,2005,272888.9,,
ESTAT:NAMA_10_A10(1.0),28/01/26 11:00:00,A,CLV15_MEUR,B-E,B1G,FR,2006,277511.6,,
ESTAT:NAMA_10_A10(1.0),28/01/26 11:00:00,A,CLV15_MEUR,B-E,B1G,FR,2007,282863.6,,
ESTAT:NAMA_10_A10(1.0),28/01/26 11:00:00,A,CLV15_MEUR,B-E,B1G,FR,2008,272958.8,,
ESTAT:NAMA_10_A10(1.0),28/01/26 11:00:00,A,CLV15_MEUR,B-E,B1G,FR,2009,254011.7,,
ESTAT:NAMA_10_A10(1.0),28/01/26 11:00:00,A,CLV15_MEUR,B-E,B1G,FR,2010,258461.5,,
ESTAT:NAMA_10_A10(1.0),28/01/26 11:00:00,A,CLV15_MEUR,B-E,B1G,FR,2011,266312.0,,
ESTAT:NAMA_10_A10(1.0),28/01/26 11:00:00,A,CLV15_MEUR,B-E,B1G,FR,2012,266494.8,,
ESTAT:NAMA_10_A10(1.0),28/01/26 11:00:00,A,CLV15_MEUR,B-E,B1G,FR,2013,269083.8,,
ESTAT:NAMA_10_A10(1.0),28/01/26 11:00:00,A,CLV15_MEUR,B-E,B1G,FR,2014,270982.3,,
ESTAT:NAMA_10_A10(1.0),28/01/26 11:00:00,A,CLV15_MEUR,B-E,B1G,FR,2015,271001.1,,
ESTAT:NAMA_10_A10(1.0),28/01/26 11:00:00,A,CLV15_MEUR,B-E,B1G,FR,2016,270293.8,,
ESTAT:NAMA_10_A10(1.0),28/01/26 11:00:00,A,CLV15_MEUR,B-E,B1G,FR,2017,272869.7,,
ESTAT:NAMA_10_A10(1.0),28/01/26 11:00:00,A,CLV15_MEUR,B-E,B1G,FR,2018,279379.7,,
ESTAT:NAMA_10_A10(1.0),28/01/26 11:00:00,A,CLV15_MEUR,B-E,B1G,FR,2019,283920.7,,
ESTAT:NAMA_10_A10(1.0),28/01/26 11:00:00,A,CLV15_MEUR,B-E,B1G,FR,2020,259120.4,,
ESTAT:NAMA_10_A10(1.0),28/01/26 11:00:00,A,CLV15_MEUR,B-E,B1G,FR,2021,276278.3,,
ESTAT:NAMA_10_A10(1.0),28/01/26 11:00:00,A,CLV15_MEUR,B-E,B1G,FR,2022,250153.0,,
ESTAT:NAMA_10_A10(1.0),28/01/26 11:00:00,A,CLV15_MEUR,B-E,B1G,FR,2023,269721.4,p,
ESTAT:NAMA_10_A10(1.0),28/01/26 11:00:00,A,CLV15_MEUR,B-E,B1G,FR,2024,279194.4,p,
ESTAT:NAMA_10_A10(1.0),28/01/26 11:00:00,A,CLV15_MEUR,B-E,B1G,IT,1995,297564.1,,
ESTAT:NAMA_10_A10(1.0),28/01/26 11:00:00,A,CLV15_MEUR,B-E,B1G,IT,1996,297436.7,,
ESTAT:NAMA_10_A10(1.0),28/01/26 11:00:00,A,CLV15_MEUR,B-E,B1G,IT,1997,299657.5,,
ESTAT:NAMA_10_A10(1.0),28/01/26 11:00:00,A,CLV15_MEUR,B-E,B1G,IT,1998,303884.3,,
ESTAT:NAMA_10_A10(1.0),28/01/26 11:00:00,A,CLV15_MEUR,B-E,B1G,IT,1999,303722.0,,
ESTAT:NAMA_10_A10(1.0),28/01/26 11:00:00,A,CLV15_MEUR,B-E,B1G,IT,2000,311951.4,,
ESTAT:NAMA_10_A10(1.0),28/01/26 11:00:00,A,CLV15_MEUR,B-E,B1G,IT,2001,309827.3,,
ESTAT:NAMA_10_A10(1.0),28/01/26 11:00:00,A,CLV15_MEUR,B-E,B1G,IT,2002,309676.6,,
ESTAT:NAMA_10_A10(1.0),28/01/26 11:00:00,A,CLV15_MEUR,B-E,B1G,IT,2003,301907.1,,
ESTAT:NAMA_10_A10(1.0),28/01/26 11:00:00,A,CLV15_MEUR,B-E,B1G,IT,2004,307498.0,,
ESTAT:NAMA_10_A10(1.0),28/01/26 11:00:00,A,CLV15_MEUR,B-E,B1G,IT,2005,307432.9,,
ESTAT:NAMA_10_A10(1.0),28/01/26 11:00:00,A,CLV15_MEUR,B-E,B1G,IT,2006,318301.6,,
ESTAT:NAMA_10_A10(1.0),28/01/26 11:00:00,A,CLV15_MEUR,B-E,B1G,IT,2007,325792.7,,
ESTAT:NAMA_10_A10(1.0),28/01/26 11:00:00,A,CLV15_MEUR,B-E,B1G,IT,2008,316742.2,,
ESTAT:NAMA_10_A10(1.0),28/01/26 11:00:00,A,CLV15_MEUR,B-E,B1G,IT,2009,262707.9,,
ESTAT:NAMA_10_A10(1.0),28/01/26 11:00:00,A,CLV15_MEUR,B-E,B1G,IT,2010,282850.0,,
ESTAT:NAMA_10_A10(1.0),28/01/26 11:00:00,A,CLV15_MEUR,B-E,B1G,IT,2011,287237.6,,
ESTAT:NAMA_10_A10(1.0),28/01/26 11:00:00,A,CLV15_MEUR,B-E,B1G,IT,2012,276600.7,,
ESTAT:NAMA_10_A10(1.0),28/01/26 11:00:00,A,CLV15_MEUR,B-E,B1G,IT,2013,272557.2,,
ESTAT:NAMA_10_A10(1.0),28/01/26 11:00:00,A,CLV15_MEUR,B-E,B1G,IT,2014,270217.9,,
ESTAT:NAMA_10_A10(1.0),28/01/26 11:00:00,A,CLV15_MEUR,B-E,B1G,IT,2015,274001.5,,
ESTAT:NAMA_10_A10(1.0),28/01/26 11:00:00,A,CLV15_MEUR,B-E,B1G,IT,2016,281340.4,,
ESTAT:NAMA_10_A10(1.0),28/01/26 11:00:00,A,CLV15_MEUR,B-E,B1G,IT,2017,291208.6,,
ESTAT:NAMA_10_A10(1.0),28/01/26 11:00:00,A,CLV15_MEUR,B-E,B1G,IT,2018,294969.4,,
ESTAT:NAMA_10_A10(1.0),28/01/26 11:00:00,A,CLV15_MEUR,B-E,B1G,IT,2019,295610.1,,
ESTAT:NAMA_10_A10(1.0),28/01/26 11:00:00,A,CLV15_MEUR,B-E,B1G,IT,2020,259968.0,,
ESTAT:NAMA_10_A10(1.0),28/01/26 11:00:00,A,CLV15_MEUR,B-E,B1G,IT,2021,297953.5,,
ESTAT:NAMA_10_A10(1.0),28/01/26 11:00:00,A,CLV15_MEUR,B-E,B1G,IT,2022,297832.3,,
ESTAT:NAMA_10_A10(1.0),28/01/26 11:00:00,A,CLV15_MEUR,B-E,B1G,IT,2023,295617.4,,
ESTAT:NAMA_10_A10(1.0),28/01/26 11:00:00,A,CLV15_MEUR,B-E,B1G,IT,2024,295702.2,,
ESTAT:NAMA_10_A10(1.0),28/01/26 11:00:00,A,CLV15_MEUR,B-E,B1G,NL,1995,74646.1,,
ESTAT:NAMA_10_A10(1.0),28/01/26 11:00:00,A,CLV15_MEUR,B-E,B1G,NL,1996,77407.7,,
ESTAT:NAMA_10_A10(1.0),28/01/26 11:00:00,A,CLV15_MEUR,B-E,B1G,NL,1997,77688.1,,
ESTAT:NAMA_10_A10(1.0),28/01/26 11:00:00,A,CLV15_MEUR,B-E,B1G,NL,1998,80449.3,,
ESTAT:NAMA_10_A10(1.0),28/01/26 11:00:00,A,CLV15_MEUR,B-E,B1G,NL,1999,82803.6,,
ESTAT:NAMA_10_A10(1.0),28/01/26 11:00:00,A,CLV15_MEUR,B-E,B1G,NL,2000,86314.9,,
ESTAT:NAMA_10_A10(1.0),28/01/26 11:00:00,A,CLV15_MEUR,B-E,B1G,NL,2001,88659.3,,
ESTAT:NAMA_10_A10(1.0),28/01/26 11:00:00,A,CLV15_MEUR,B-E,B1G,NL,2002,88705.2,,
ESTAT:NAMA_10_A10(1.0),28/01/26 11:00:00,A,CLV15_MEUR,B-E,B1G,NL,2003,87568.9,,
ESTAT:NAMA_10_A10(1.0),28/01/26 11:00:00,A,CLV15_MEUR,B-E,B1G,NL,2004,91238.9,,
ESTAT:NAMA_10_A10(1.0),28/01/26 11:00:00,A,CLV15_MEUR,B-E,B1G,NL,2005,92644.2,,
ESTAT:NAMA_10_A10(1.0),28/01/26 11:00:00,A,CLV15_MEUR,B-E,B1G,NL,2006,94497.3,,
ESTAT:NAMA_10_A10(1.0),28/01/26 11:00:00,A,CLV15_MEUR,B-E,B1G,NL,2007,98043.6,,
ESTAT:NAMA_10_A10(1.0),28/01/26 11:00:00,A,CLV15_MEUR,B-E,B1G,NL,2008,99427.4,,
ESTAT:NAMA_10_A10(1.0),28/01/26 11:00:00,A,CLV15_MEUR,B-E,B1G,NL,2009,90147.8,,
ESTAT:NAMA_10_A10(1.0),28/01/26 11:00:00,A,CLV15_MEUR,B-E,B1G,NL,2010,95552.8,,
ESTAT:NAMA_10_A10(1.0),28/01/26 11:00:00,A,CLV15_MEUR,B-E,B1G,NL,2011,97502.6,,
ESTAT:NAMA_10_A10(1.0),28/01/26 11:00:00,A,CLV15_MEUR,B-E,B1G,NL,2012,96989.3,,
ESTAT:NAMA_10_A10(1.0),28/01/26 11:00:00,A,CLV15_MEUR,B-E,B1G,NL,2013,98736.9,,
ESTAT:NAMA_10_A10(1.0),28/01/26 11:00:00,A,CLV15_MEUR,B-E,B1G,NL,2014,97148.6,,
ESTAT:NAMA_10_A10(1.0),28/01/26 11:00:00,A,CLV15_MEUR,B-E,B1G,NL,2015,95632.0,,
ESTAT:NAMA_10_A10(1.0),28/01/26 11:00:00,A,CLV15_MEUR,B-E,B1G,NL,2016,96605.0,,
ESTAT:NAMA_10_A10(1.0),28/01/26 11:00:00,A,CLV15_MEUR,B-E,B1G,NL,2017,100966.0,,
ESTAT:NAMA_10_A10(1.0),28/01/26 11:00:00,A,CLV15_MEUR,B-E,B1G,NL,2018,103799.7,,
ESTAT:NAMA_10_A10(1.0),28/01/26 11:00:00,A,CLV15_MEUR,B-E,B1G,NL,2019,103855.7,,
ESTAT:NAMA_10_A10(1.0),28/01/26 11:00:00,A,CLV15_MEUR,B-E,B1G,NL,2020,101336.7,,
ESTAT:NAMA_10_A10(1.0),28/01/26 11:00:00,A,CLV15_MEUR,B-E,B1G,NL,2021,110310.9,,
ESTAT:NAMA_10_A10(1.0),28/01/26 11:00:00,A,CLV15_MEUR,B-E,B1G,NL,2022,114053.0,,
ESTAT:NAMA_10_A10(1.0),28/01/26 11:00:00,A,CLV15_MEUR,B-E,B1G,NL,2023,108051.6,,
ESTAT:NAMA_10_A10(1.0),28/01/26 11:00:00,A,CLV15_MEUR,B-E,B1G,NL,2024,107367.3,,
ESTAT:NAMA_10_A10(1.0),28/01/26 11:00:00,A,CLV15_MEUR,B-E,B1G,PL,1995,46308.6,,
ESTAT:NAMA_10_A10(1.0),28/01/26 11:00:00,A,CLV15_MEUR,B-E,B1G,PL,1996,45834.1,,
ESTAT:NAMA_10_A10(1.0),28/01/26 11:00:00,A,CLV15_MEUR,B-E,B1G,PL,1997,45581.5,,
ESTAT:NAMA_10_A10(1.0),28/01/26 11:00:00,A,CLV15_MEUR,B-E,B1G,PL,1998,44957.0,,
ESTAT:NAMA_10_A10(1.0),28/01/26 11:00:00,A,CLV15_MEUR,B-E,B1G,PL,1999,46353.1,,
ESTAT:NAMA_10_A10(1.0),28/01/26 11:00:00,A,CLV15_MEUR,B-E,B1G,PL,2000,46578.7,,
ESTAT:NAMA_10_A10(1.0),28/01/26 11:00:00,A,CLV15_MEUR,B-E,B1G,PL,2001,45885.3,,
ESTAT:NAMA_10_A10(1.0),28/01/26 11:00:00,A,CLV15_MEUR,B-E,B1G,PL,2002,46142.6,,
ESTAT:NAMA_10_A10(1.0),28/01/26 11:00:00,A,CLV15_MEUR,B-E,B1G,PL,2003,50300.7,,
ESTAT:NAMA_10_A10(1.0),28/01/26 11:00:00,A,CLV15_MEUR,B-E,B1G,PL,2004,56219.9,,
ESTAT:NAMA_10_A10(1.0),28/01/26 11:00:00,A,CLV15_MEUR,B-E,B1G,PL,2005,58921.8,,
ESTAT:NAMA_10_A10(1.0),28/01/26 11:00:00,A,CLV15_MEUR,B-E,B1G,PL,2006,64540.4,,
ESTAT:NAMA_10_A10(1.0),28/01/26 11:00:00,A,CLV15_MEUR,B-E,B1G,PL,2007,71606.5,,
ESTAT:NAMA_10_A10(1.0),28/01/26 11:00:00,A,CLV15_MEUR,B-E,B1G,PL,2008,75713.9,,
ESTAT:NAMA_10_A10(1.0),28/01/26 11:00:00,A,CLV15_MEUR,B-E,B1G,PL,2009,76306.9,,
ESTAT:NAMA_10_A10(1.0),28/01/26 11:00:00,A,CLV15_MEUR,B-E,B1G,PL,2010,84240.0,,
ESTAT:NAMA_10_A10(1.0),28/01/26 11:00:00,A,CLV15_MEUR,B-E,B1G,PL,2011,89209.3,,
ESTAT:NAMA_10_A10(1.0),28/01/26 11:00:00,A,CLV15_MEUR,B-E,B1G,PL,2012,91621.7,,
ESTAT:NAMA_10_A10(1.0),28/01/26 11:00:00,A,CLV15_MEUR,B-E,B1G,PL,2013,89717.6,,
ESTAT:NAMA_10_A10(1.0),28/01/26 11:00:00,A,CLV15_MEUR,B-E,B1G,PL,2014,96050.8,,
ESTAT:NAMA_10_A10(1.0),28/01/26 11:00:00,A,CLV15_MEUR,B-E,B1G,PL,2015,100191.4,,
ESTAT:NAMA_10_A10(1.0),28/01/26 11:00:00,A,CLV15_MEUR,B-E,B1G,PL,2016,104738.0,,
ESTAT:NAMA_10_A10(1.0),28/01/26 11:00:00,A,CLV15_MEUR,B-E,B1G,PL,2017,106686.9,,
ESTAT:NAMA_10_A10(1.0),28/01/26 11:00:00,A,CLV15_MEUR,B-E,B1G,PL,2018,111949.0,,
ESTAT:NAMA_10_A10(1.0),28/01/26 11:00:00,A,CLV15_MEUR,B-E,B1G,PL,2019,117387.9,,
ESTAT:NAMA_10_A10(1.0),28/01/26 11:00:00,A,CLV15_MEUR,B-E,B1G,PL,2020,113277.8,,
ESTAT:NAMA_10_A10(1.0),28/01/26 11:00:00,A,CLV15_MEUR,B-E,B1G,PL,2021,114509.6,,
ESTAT:NAMA_10_A10(1.0),28/01/26 11:00:00,A,CLV15_MEUR,B-E,B1G,PL,2022,123039.3,,
ESTAT:NAMA_10_A10(1.0),28/01/26 11:00:00,A,CLV15_MEUR,B-E,B1G,PL,2023,122070.8,,
ESTAT:NAMA_10_A10(1.0),28/01/26 11:00:00,A,CLV15_MEUR,B-E,B1G,PL,2024,123142.1,,
ESTAT:NAMA_10_A10(1.0),28/01/26 11:00:00,A,CLV15_MEUR,C,B1G,DE,1991,479219.2,,
ESTAT:NAMA_10_A10(1.0),28/01/26 11:00:00,A,CLV15_MEUR,C,B1G,DE,1992,465958.5,,
ESTAT:NAMA_10_A10(1.0),28/01/26 11:00:00,A,CLV15_MEUR,C,B1G,DE,1993,428315.1,,
ESTAT:NAMA_10_A10(1.0),28/01/26 11:00:00,A,CLV15_MEUR,C,B1G,DE,1994,440475.9,,
ESTAT:NAMA_10_A10(1.0),28/01/26 11:00:00,A,CLV15_MEUR,C,B1G,DE,1995,438520.4,,
ESTAT:NAMA_10_A10(1.0),28/01/26 11:00:00,A,CLV15_MEUR,C,B1G,DE,1996,426665.2,,
ESTAT:NAMA_10_A10(1.0),28/01/26 11:00:00,A,CLV15_MEUR,C,B1G,DE,1997,443775.8,,
ESTAT:NAMA_10_A10(1.0),28/01/26 11:00:00,A,CLV15_MEUR,C,B1G,DE,1998,448909.0,,
ESTAT:NAMA_10_A10(1.0),28/01/26 11:00:00,A,CLV15_MEUR,C,B1G,DE,1999,453981.1,,
ESTAT:NAMA_10_A10(1.0),28/01/26 11:00:00,A,CLV15_MEUR,C,B1G,DE,2000,486063.4,,
ESTAT:NAMA_10_A10(1.0),28/01/26 11:00:00,A,CLV15_MEUR,C,B1G,DE,2001,493213.2,,
ESTAT:NAMA_10_A10(1.0),28/01/26 11:00:00,A,CLV15_MEUR,C,B1G,DE,2002,479035.9,,
ESTAT:NAMA_10_A10(1.0),28/01/26 11:00:00,A,CLV15_MEUR,C,B1G,DE,2003,484413.5,,
ESTAT:NAMA_10_A10(1.0),28/01/26 11:00:00,A,CLV15_MEUR,C,B1G,DE,2004,503418.5,,
ESTAT:NAMA_10_A10(1.0),28/01/26 11:00:00,A,CLV15_MEUR,C,B1G,DE,2005,511607.1,,
ESTAT:NAMA_10_A10(1.0),28/01/26 11:00:00,A,CLV15_MEUR,C,B1G,DE,2006,555911.4,,
ESTAT:NAMA_10_A10(1.0),28/01/26 11:00:00,A,CLV15_MEUR,C,B1G,DE,2007,581088.4,,
ESTAT:NAMA_10_A10(1.0),28/01/26 11:00:00,A,CLV15_MEUR,C,B1G,DE,2008,569111.0,,
ESTAT:NAMA_10_A10(1.0),28/01/26 11:00:00,A,CLV15_MEUR,C,B1G,DE,2009,455753.2,,
ESTAT:NAMA_10_A10(1.0),28/01/26 11:00:00,A,CLV15_MEUR,C,B1G,DE,2010,544972.8,,
ESTAT:NAMA_10_A10(1.0),28/01/26 11:00:00,A,CLV15_MEUR,C,B1G,DE,2011,594104.7,,
ESTAT:NAMA_10_A10(1.0),28/01/26 11:00:00,A,CLV15_MEUR,C,B1G,DE,2012,583777.2,,
ESTAT:NAMA_10_A10(1.0),28/01/26 11:00:00,A,CLV15_MEUR,C,B1G,DE,2013,583471.7,,
ESTAT:NAMA_10_A10(1.0),28/01/26 11:00:00,A,CLV15_MEUR,C,B1G,DE,2014,615920.7,,
ESTAT:NAMA_10_A10(1.0),28/01/26 11:00:00,A,CLV15_MEUR,C,B1G,DE,2015,621665.0,,
ESTAT:NAMA_10_A10(1.0),28/01/26 11:00:00,A,CLV15_MEUR,C,B1G,DE,2016,645864.3,,
ESTAT:NAMA_10_A10(1.0),28/01/26 11:00:00,A,CLV15_MEUR,C,B1G,DE,2017,667252.5,,
ESTAT:NAMA_10_A10(1.0),28/01/26 11:00:00,A,CLV15_MEUR,C,B1G,DE,2018,675624.5,,
ESTAT:NAMA_10_A10(1.0),28/01/26 11:00:00,A,CLV15_MEUR,C,B1G,DE,2019,666152.6,,
ESTAT:NAMA_10_A10(1.0),28/01/26 11:00:00,A,CLV15_MEUR,C,B1G,DE,2020,611093.1,,
ESTAT:NAMA_10_A10(1.0),28/01/26 11:00:00,A,CLV15_MEUR,C,B1G,DE,2021,666824.8,,
ESTAT:NAMA_10_A10(1.0),28/01/26 11:00:00,A,CLV15_MEUR,C,B1G,DE,2022,680146.6,p,
ESTAT:NAMA_10_A10(1.0),28/01/26 11:00:00,A,CLV15_MEUR,C,B1G,DE,2023,669330.3,p,
ESTAT:NAMA_10_A10(1.0),28/01/26 11:00:00,A,CLV15_MEUR,C,B1G,DE,2024,640670.0,p,
ESTAT:NAMA_10_A10(1.0),28/01/26 11:00:00,A,CLV15_MEUR,C,B1G,DE,2025,632175.8,p,
ESTAT:NAMA_10_A10(1.0),28/01/26 11:00:00,A,CLV15_MEUR,C,B1G,ES,1995,104012.1,,
ESTAT:NAMA_10_A10(1.0),28/01/26 11:00:00,A,CLV15_MEUR,C,B1G,ES,1996,106935.5,,
ESTAT:NAMA_10_A10(1.0),28/01/26 11:00:00,A,CLV15_MEUR,C,B1G,ES,1997,113585.2,,
ESTAT:NAMA_10_A10(1.0),28/01/26 11:00:00,A,CLV15_MEUR,C,B1G,ES,1998,119726.6,,
ESTAT:NAMA_10_A10(1.0),28/01/26 11:00:00,A,CLV15_MEUR,C,B1G,ES,1999,125922.3,,
ESTAT:NAMA_10_A10(1.0),28/01/26 11:00:00,A,CLV15_MEUR,C,B1G,ES,2000,132137.9,,
ESTAT:NAMA_10_A10(1.0),28/01/26 11:00:00,A,CLV15_MEUR,C,B1G,ES,2001,136272.9,,
ESTAT:NAMA_10_A10(1.0),28/01/26 11:00:00,A,CLV15_MEUR,C,B1G,ES,2002,136087.1,,
ESTAT:NAMA_10_A10(1.0),28/01/26 11:00:00,A,CLV15_MEUR,C,B1G,ES,2003,137553.4,,
ESTAT:NAMA_10_A10(1.0),28/01/26 11:00:00,A,CLV15_MEUR,C,B1G,ES,2004,137616.8,,
ESTAT:NAMA_10_A10(1.0),28/01/26 11:00:00,A,CLV15_MEUR,C,B1G,ES,2005,138694.3,,
ESTAT:NAMA_10_A10(1.0),28/01/26 11:00:00,A,CLV15_MEUR,C,B1G,ES,2006,141239.8,,
ESTAT:NAMA_10_A10(1.0),28/01/26 11:00:00,A,CLV15_MEUR,C,B1G,ES,2007,141978.4,,
ESTAT:NAMA_10_A10(1.0),28/01/26 11:00:00,A,CLV15_MEUR,C,B1G,ES,2008,137934.0,,
ESTAT:NAMA_10_A10(1.0),28/01/26 11:00:00,A,CLV15_MEUR,C,B1G,ES,2009,122164.2,,
ESTAT:NAMA_10_A10(1.0),28/01/26 11:00:00,A,CLV15_MEUR,C,B1G,ES,2010,121248.1,,
ESTAT:NAMA_10_A10(1.0),28/01/26 11:00:00,A,CLV15_MEUR,C,B1G,ES,2011,119802.7,,
ESTAT:NAMA_10_A10(1.0),28/01/26 11:00:00,A,CLV15_MEUR,C,B1G,ES,2012,112944.5,,
ESTAT:NAMA_10_A10(1.0),28/01/26 11:00:00,A,CLV15_MEUR,C,B1G,ES,2013,111520.0,,
ESTAT:NAMA_10_A10(1.0),28/01/26 11:00:00,A,CLV15_MEUR,C,B1G,ES,2014,113942.3,,
ESTAT:NAMA_10_A10(1.0),28/01/26 11:00:00,A,CLV15_MEUR,C,B1G,ES,2015,119732.0,,
ESTAT:NAMA_10_A10(1.0),28/01/26 11:00:00,A,CLV15_MEUR,C,B1G,ES,2016,121722.0,,
ESTAT:NAMA_10_A10(1.0),28/01/26 11:00:00,A,CLV15_MEUR,C,B1G,ES,2017,130000.2,,
ESTAT:NAMA_10_A10(1.0),28/01/26 11:00:00,A,CLV15_MEUR,C,B1G,ES,2018,128533.9,,
ESTAT:NAMA_10_A10(1.0),28/01/26 11:00:00,A,CLV15_MEUR,C,B1G,ES,2019,129335.9,,
ESTAT:NAMA_10_A10(1.0),28/01/26 11:00:00,A,CLV15_MEUR,C,B1G,ES,2020,111060.5,,
ESTAT:NAMA_10_A10(1.0),28/01/26 11:00:00,A,CLV15_MEUR,C,B1G,ES,2021,126509.5,,
ESTAT:NAMA_10_A10(1.0),28/01/26 11:00:00,A,CLV15_MEUR,C,B1G,ES,2022,134735.1,,
ESTAT:NAMA_10_A10(1.0),28/01/26 11:00:00,A,CLV15_MEUR,C,B1G,ES,2023,135606.9,p,
ESTAT:NAMA_10_A10(1.0),28/01/26 11:00:00,A,CLV15_MEUR,C,B1G,ES,2024,139154.6,p,
ESTAT:NAMA_10_A10(1.0),28/01/26 11:00:00,A,CLV15_MEUR,C,B1G,FR,1975,120751.2,,
ESTAT:NAMA_10_A10(1.0),28/01/26 11:00:00,A,CLV15_MEUR,C,B1G,FR,1976,128184.2,,
ESTAT:NAMA_10_A10(1.0),28/01/26 11:00:00,A,CLV15_MEUR,C,B1G,FR,1977,133090.0,,
ESTAT:NAMA_10_A10(1.0),28/01/26 11:00:00,A,CLV15_MEUR,C,B1G,FR,1978,134889.9,,
ESTAT:NAMA_10_A10(1.0),28/01/26 11:00:00,A,CLV15_MEUR,C,B1G,FR,1979,137555.3,,
ESTAT:NAMA_10_A10(1.0),28/01/26 11:00:00,A,CLV15_MEUR,C,B1G,FR,1980,137622.6,,
ESTAT:NAMA_10_A10(1.0),28/01/26 11:00:00,A,CLV15_MEUR,C,B1G,FR,1981,136472.2,,
ESTAT:NAMA_10_A10(1.0),28/01/26 11:00:00,A,CLV15_MEUR,C,B1G,FR,1982,136477.9,,
ESTAT:NAMA_10_A10(1.0),28/01/26 11:00:00,A,CLV15_MEUR,C,B1G,FR,1983,138933.8,,
ESTAT:NAMA_10_A10(1.0),28/01/26 11:00:00,A,CLV15_MEUR,C,B1G,FR,1984,139045.4,,
ESTAT:NAMA_10_A10(1.0),28/01/26 11:00:00,A,CLV15_MEUR,C,B1G,FR,1985,140713.9,,
ESTAT:NAMA_10_A10(1.0),28/01/26 11:00:00,A,CLV15_MEUR,C,B1G,FR,1986,140044.3,,
ESTAT:NAMA_10_A10(1.0),28/01/26 11:00:00,A,CLV15_MEUR,C,B1G,FR,1987,140120.2,,
ESTAT:NAMA_10_A10(1.0),28/01/26 11:00:00,A,CLV15_MEUR,C,B1G,FR,1988,146439.8,,
ESTAT:NAMA_10_A10(1.0),28/01/26 11:00:00,A,CLV15_MEUR,C,B1G,FR,1989,153062.6,,
ESTAT:NAMA_10_A10(1.0),28/01/26 11:00:00,A,CLV15_MEUR,C,B1G,FR,1990,158615.6,,
ESTAT:NAMA_10_A10(1.0),28/01/26 11:00:00,A,CLV15_MEUR,C,B1G,FR,1991,159235.3,,
ESTAT:NAMA_10_A10(1.0),28/01/26 11:00:00,A,CLV15_MEUR,C,B1G,FR,1992,160407.7,,
ESTAT:NAMA_10_A10(1.0),28/01/26 11:00:00,A,CLV15_MEUR,C,B1G,FR,1993,157278.0,,
ESTAT:NAMA_10_A10(1.0),28/01/26 11:00:00,A,CLV15_MEUR,C,B1G,FR,1994,162432.5,,
ESTAT:NAMA_10_A10(1.0),28/01/26 11:00:00,A,CLV15_MEUR,C,B1G,FR,1995,169763.1,,
ESTAT:NAMA_10_A10(1.0),28/01/26 11:00:00,A,CLV15_MEUR,C,B1G,FR,1996,171766.4,,
ESTAT:NAMA_10_A10(1.0),28/01/26 11:00:00,A,CLV15_MEUR,C,B1G,FR,1997,180039.7,,
ESTAT:NAMA_10_A10(1.0),28/01/26 11:00:00,A,CLV15_MEUR,C,B1G,FR,1998,189223.5,,
ESTAT:NAMA_10_A10(1.0),28/01/26 11:00:00,A,CLV15_MEUR,C,B1G,FR,1999,196673.4,,
ESTAT:NAMA_10_A10(1.0),28/01/26 11:00:00,A,CLV15_MEUR,C,B1G,FR,2000,206994.1,,
ESTAT:NAMA_10_A10(1.0),28/01/26 11:00:00,A,CLV15_MEUR,C,B1G,FR,2001,209146.1,,
ESTAT:NAMA_10_A10(1.0),28/01/26 11:00:00,A,CLV15_MEUR,C,B1G,FR,2002,208249.8,,
ESTAT:NAMA_10_A10(1.0),28/01/26 11:00:00,A,CLV15_MEUR,C,B1G,FR,2003,213135.5,,
ESTAT:NAMA_10_A10(1.0),28/01/26 11:00:00,A,CLV15_MEUR,C,B1G,FR,2004,218402.9,,
ESTAT:NAMA_10_A10(1.0),28/01/26 11:00:00,A,CLV15_MEUR,C,B1G,FR,2005,222192.0,,
ESTAT:NAMA_10_A10(1.0),28/01/26 11:00:00,A,CLV15_MEUR,C,B1G,FR,2006,228133.3,,
ESTAT:NAMA_10_A10(1.0),28/01/26 11:00:00,A,CLV15_MEUR,C,B1G,FR,2007,233315.1,,
ESTAT:NAMA_10_A10(1.0),28/01/26 11:00:00,A,CLV15_MEUR,C,B1G,FR,2008,226250.3,,
ESTAT:NAMA_10_A10(1.0),28/01/26 11:00:00,A,CLV15_MEUR,C,B1G,FR,2009,211315.8,,
ESTAT:NAMA_10_A10(1.0),28/01/26 11:00:00,A,CLV15_MEUR,C,B1G,FR,2010,216115.5,,
ESTAT:NAMA_10_A10(1.0),28/01/26 11:00:00,A,CLV15_MEUR,C,B1G,FR,2011,224381.0,,
ESTAT:NAMA_10_A10(1.0),28/01/26 11:00:00,A,CLV15_MEUR,C,B1G,FR,2012,222653.9,,
ESTAT:NAMA_10_A10(1.0),28/01/26 11:00:00,A,CLV15_MEUR,C,B1G,FR,2013,223214.8,,
ESTAT:NAMA_10_A10(1.0),28/01/26 11:00:00,A,CLV15_MEUR,C,B1G,FR,2014,226376.0,,
ESTAT:NAMA_10_A10(1.0),28/01/26 11:00:00,A,CLV15_MEUR,C,B1G,FR,2015,227182.7,,
ESTAT:NAMA_10_A10(1.0),28/01/26 11:00:00,A,CLV15_MEUR,C,B1G,FR,2016,228222.0,,
ESTAT:NAMA_10_A10(1.0),28/01/26 11:00:00,A,CLV15_MEUR,C,B1G,FR,2017,232847.5,,
ESTAT:NAMA_10_A10(1.0),28/01/26 11:00:00,A,CLV15_MEUR,C,B1G,FR,2018,237183.5,,
ESTAT:NAMA_10_A10(1.0),28/01/26 11:00:00,A,CLV15_MEUR,C,B1G,FR,2019,241753.8,,
ESTAT:NAMA_10_A10(1.0),28/01/26 11:00:00,A,CLV15_MEUR,C,B1G,FR,2020,220222.1,,
ESTAT:NAMA_10_A10(1.0),28/01/26 11:00:00,A,CLV15_MEUR,C,B1G,FR,2021,239234.6,,
ESTAT:NAMA_10_A10(1.0),28/01/26 11:00:00,A,CLV15_MEUR,C,B1G,FR,2022,230322.9,,
ESTAT:NAMA_10_A10(1.0),28/01/26 11:00:00,A,CLV15_MEUR,C,B1G,FR,2023,236727.0,p,
ESTAT:NAMA_10_A10(1.0),28/01/26 11:00:00,A,CLV15_MEUR,C,B1G,FR,2024,242221.6,p,
ESTAT:NAMA_10_A10(1.0),28/01/26 11:00:00,A,CLV15_MEUR,C,B1G,IT,1995,248265.6,,
ESTAT:NAMA_10_A10(1.0),28/01/26 11:00:00,A,CLV15_MEUR,C,B1G,IT,1996,247222.5,,
ESTAT:NAMA_10_A10(1.0),28/01/26 11:00:00,A,CLV15_MEUR,C,B1G,IT,1997,249891.8,,
ESTAT:NAMA_10_A10(1.0),28/01/26 11:00:00,A,CLV15_MEUR,C,B1G,IT,1998,253441.4,,
ESTAT:NAMA_10_A10(1.0),28/01/26 11:00:00,A,CLV15_MEUR,C,B1G,IT,1999,252852.7,,
ESTAT:NAMA_10_A10(1.0),28/01/26 11:00:00,A,CLV15_MEUR,C,B1G,IT,2000,260177.6,,
ESTAT:NAMA_10_A10(1.0),28/01/26 11:00:00,A,CLV15_MEUR,C,B1G,IT,2001,259475.0,,
ESTAT:NAMA_10_A10(1.0),28/01/26 11:00:00,A,CLV15_MEUR,C,B1G,IT,2002,258422.3,,
ESTAT:NAMA_10_A10(1.0),28/01/26 11:00:00,A,CLV15_MEUR,C,B1G,IT,2003,252111.4,,
ESTAT:NAMA_10_A10(1.0),28/01/26 11:00:00,A,CLV15_MEUR,C,B1G,IT,2004,255977.1,,
ESTAT:NAMA_10_A10(1.0),28/01/26 11:00:00,A,CLV15_MEUR,C,B1G,IT,2005,256611.0,,
ESTAT:NAMA_10_A10(1.0),28/01/26 11:00:00,A,CLV15_MEUR,C,B1G,IT,2006,269057.1,,
ESTAT:NAMA_10_A10(1.0),28/01/26 11:00:00,A,CLV15_MEUR,C,B1G,IT,2007,277677.4,,
ESTAT:NAMA_10_A10(1.0),28/01/26 11:00:00,A,CLV15_MEUR,C,B1G,IT,2008,268441.9,,
ESTAT:NAMA_10_A10(1.0),28/01/26 11:00:00,A,CLV15_MEUR,C,B1G,IT,2009,217690.2,,
ESTAT:NAMA_10_A10(1.0),28/01/26 11:00:00,A,CLV15_MEUR,C,B1G,IT,2010,239144.3,,
ESTAT:NAMA_10_A10(1.0),28/01/26 11:00:00,A,CLV15_MEUR,C,B1G,IT,2011,243840.8,,
ESTAT:NAMA_10_A10(1.0),28/01/26 11:00:00,A,CLV15_MEUR,C,B1G,IT,2012,234170.5,,
ESTAT:NAMA_10_A10(1.0),28/01/26 11:00:00,A,CLV15_MEUR,C,B1G,IT,2013,231882.7,,
ESTAT:NAMA_10_A10(1.0),28/01/26 11:00:00,A,CLV15_MEUR,C,B1G,IT,2014,231426.5,,
ESTAT:NAMA_10_A10(1.0),28/01/26 11:00:00,A,CLV15_MEUR,C,B1G,IT,2015,237222.4,,
ESTAT:NAMA_10_A10(1.0),28/01/26 11:00:00,A,CLV15_MEUR,C,B1G,IT,2016,242021.8,,
ESTAT:NAMA_10_A10(1.0),28/01/26 11:00:00,A,CLV15_MEUR,C,B1G,IT,2017,250900.2,,
ESTAT:NAMA_10_A10(1.0),28/01/26 11:00:00,A,CLV15_MEUR,C,B1G,IT,2018,253478.2,,
ESTAT:NAMA_10_A10(1.0),28/01/26 11:00:00,A,CLV15_MEUR,C,B1G,IT,2019,253869.9,,
ESTAT:NAMA_10_A10(1.0),28/01/26 11:00:00,A,CLV15_MEUR,C,B1G,IT,2020,219066.2,,
ESTAT:NAMA_10_A10(1.0),28/01/26 11:00:00,A,CLV15_MEUR,C,B1G,IT,2021,253297.3,,
ESTAT:NAMA_10_A10(1.0),28/01/26 11:00:00,A,CLV15_MEUR,C,B1G,IT,2022,260009.3,,
ESTAT:NAMA_10_A10(1.0),28/01/26 11:00:00,A,CLV15_MEUR,C,B1G,IT,2023,258585.7,,
ESTAT:NAMA_10_A10(1.0),28/01/26 11:00:00,A,CLV15_MEUR,C,B1G,IT,2024,256836.2,,
ESTAT:NAMA_10_A10(1.0),28/01/26 11:00:00,A,CLV15_MEUR,C,B1G,NL,1995,50185.3,,
ESTAT:NAMA_10_A10(1.0),28/01/26 11:00:00,A,CLV15_MEUR,C,B1G,NL,1996,51132.8,,
ESTAT:NAMA_10_A10(1.0),28/01/26 11:00:00,A,CLV15_MEUR,C,B1G,NL,1997,52419.0,,
ESTAT:NAMA_10_A10(1.0),28/01/26 11:00:00,A,CLV15_MEUR,C,B1G,NL,1998,54918.0,,
ESTAT:NAMA_10_A10(1.0),28/01/26 11:00:00,A,CLV15_MEUR,C,B1G,NL,1999,57390.7,,
ESTAT:NAMA_10_A10(1.0),28/01/26 11:00:00,A,CLV15_MEUR,C,B1G,NL,2000,60638.1,,
ESTAT:NAMA_10_A10(1.0),28/01/26 11:00:00,A,CLV15_MEUR,C,B1G,NL,2001,62230.0,,
ESTAT:NAMA_10_A10(1.0),28/01/26 11:00:00,A,CLV15_MEUR,C,B1G,NL,2002,61851.1,,
ESTAT:NAMA_10_A10(1.0),28/01/26 11:00:00,A,CLV15_MEUR,C,B1G,NL,2003,60884.5,,
ESTAT:NAMA_10_A10(1.0),28/01/26 11:00:00,A,CLV15_MEUR,C,B1G,NL,2004,63314.6,,
ESTAT:NAMA_10_A10(1.0),28/01/26 11:00:00,A,CLV15_MEUR,C,B1G,NL,2005,65523.7,,
ESTAT:NAMA_10_A10(1.0),28/01/26 11:00:00,A,CLV15_MEUR,C,B1G,NL,2006,67296.7,,
ESTAT:NAMA_10_A10(1.0),28/01/26 11:00:00,A,CLV15_MEUR,C,B1G,NL,2007,71260.8,,
ESTAT:NAMA_10_A10(1.0),28/01/26 11:00:00,A,CLV15_MEUR,C,B1G,NL,2008,70754.2,,
ESTAT:NAMA_10_A10(1.0),28/01/26 11:00:00,A,CLV15_MEUR,C,B1G,NL,2009,63176.5,,
ESTAT:NAMA_10_A10(1.0),28/01/26 11:00:00,A,CLV15_MEUR,C,B1G,NL,2010,65970.9,,
ESTAT:NAMA_10_A10(1.0),28/01/26 11:00:00,A,CLV15_MEUR,C,B1G,NL,2011,69306.3,,
ESTAT:NAMA_10_A10(1.0),28/01/26 11:00:00,A,CLV15_MEUR,C,B1G,NL,2012,68974.8,,
ESTAT:NAMA_10_A10(1.0),28/01/26 11:00:00,A,CLV15_MEUR,C,B1G,NL,2013,68664.4,,
ESTAT:NAMA_10_A10(1.0),28/01/26 11:00:00,A,CLV15_MEUR,C,B1G,NL,2014,70111.2,,
ESTAT:NAMA_10_A10(1.0),28/01/26 11:00:00,A,CLV15_MEUR,C,B1G,NL,2015,70958.0,,
ESTAT:NAMA_10_A10(1.0),28/01/26 11:00:00,A,CLV15_MEUR,C,B1G,NL,2016,72959.0,,
ESTAT:NAMA_10_A10(1.0),28/01/26 11:00:00,A,CLV15_MEUR,C,B1G,NL,2017,78068.3,,
ESTAT:NAMA_10_A10(1.0),28/01/26 11:00:00,A,CLV15_MEUR,C,B1G,NL,2018,81853.7,,
ESTAT:NAMA_10_A10(1.0),28/01/26 11:00:00,A,CLV15_MEUR,C,B1G,NL,2019,82781.2,,
ESTAT:NAMA_10_A10(1.0),28/01/26 11:00:00,A,CLV15_MEUR,C,B1G,NL,2020,81263.8,,
ESTAT:NAMA_10_A10(1.0),28/01/26 11:00:00,A,CLV15_MEUR,C,B1G,NL,2021,90433.8,,
ESTAT:NAMA_10_A10(1.0),28/01/26 11:00:00,A,CLV15_MEUR,C,B1G,NL,2022,94865.6,,
ESTAT:NAMA_10_A10(1.0),28/01/26 11:00:00,A,CLV15_MEUR,C,B1G,NL,2023,93275.2,,
ESTAT:NAMA_10_A10(1.0),28/01/26 11:00:00,A,CLV15_MEUR,C,B1G,NL,2024,92322.6,,
ESTAT:NAMA_10_A10(1.0),28/01/26 11:00:00,A,CLV15_MEUR,C,B1G,PL,1995,27232.4,,
ESTAT:NAMA_10_A10(1.0),28/01/26 11:00:00,A,CLV15_MEUR,C,B1G,PL,1996,26940.5,,
ESTAT:NAMA_10_A10(1.0),28/01/26 11:00:00,A,CLV15_MEUR,C,B1G,PL,1997,26791.2,,
ESTAT:NAMA_10_A10(1.0),28/01/26 11:00:00,A,CLV15_MEUR,C,B1G,PL,1998,26845.3,,
ESTAT:NAMA_10_A10(1.0),28/01/26 11:00:00,A,CLV15_MEUR,C,B1G,PL,1999,27562.8,,
ESTAT:NAMA_10_A10(1.0),28/01/26 11:00:00,A,CLV15_MEUR,C,B1G,PL,2000,27511.4,,
ESTAT:NAMA_10_A10(1.0),28/01/26 11:00:00,A,CLV15_MEUR,C,B1G,PL,2001,27156.8,,
ESTAT:NAMA_10_A10(1.0),28/01/26 11:00:00,A,CLV15_MEUR,C,B1G,PL,2002,27723.0,,
ESTAT:NAMA_10_A10(1.0),28/01/26 11:00:00,A,CLV15_MEUR,C,B1G,PL,2003,31186.1,,
ESTAT:NAMA_10_A10(1.0),28/01/26 11:00:00,A,CLV15_MEUR,C,B1G,PL,2004,35924.5,,
ESTAT:NAMA_10_A10(1.0),28/01/26 11:00:00,A,CLV15_MEUR,C,B1G,PL,2005,37969.8,,
ESTAT:NAMA_10_A10(1.0),28/01/26 11:00:00,A,CLV15_MEUR,C,B1G,PL,2006,43840.4,,
ESTAT:NAMA_10_A10(1.0),28/01/26 11:00:00,A,CLV15_MEUR,C,B1G,PL,2007,50038.8,,
ESTAT:NAMA_10_A10(1.0),28/01/26 11:00:00,A,CLV15_MEUR,C,B1G,PL,2008,54528.0,,
ESTAT:NAMA_10_A10(1.0),28/01/26 11:00:00,A,CLV15_MEUR,C,B1G,PL,2009,55184.6,,
ESTAT:NAMA_10_A10(1.0),28/01/26 11:00:00,A,CLV15_MEUR,C,B1G,PL,2010,61076.6,,
ESTAT:NAMA_10_A10(1.0),28/01/26 11:00:00,A,CLV15_MEUR,C,B1G,PL,2011,64461.7,,
ESTAT:NAMA_10_A10(1.0),28/01/26 11:00:00,A,CLV15_MEUR,C,B1G,PL,2012,66267.1,,
ESTAT:NAMA_10_A10(1.0),28/01/26 11:00:00,A,CLV15_MEUR,C,B1G,PL,2013,63819.4,,
ESTAT:NAMA_10_A10(1.0),28/01/26 11:00:00,A,CLV15_MEUR,C,B1G,PL,2014,71302.9,,
ESTAT:NAMA_10_A10(1.0),28/01/26 11:00:00,A,CLV15_MEUR,C,B1G,PL,2015,76417.4,,
ESTAT:NAMA_10_A10(1.0),28/01/26 11:00:00,A,CLV15_MEUR,C,B1G,PL,2016,80483.5,,
ESTAT:NAMA_10_A10(1.0),28/01/26 11:00:00,A,CLV15_MEUR,C,B1G,PL,2017,81974.0,,
ESTAT:NAMA_10_A10(1.0),28/01/26 11:00:00,A,CLV15_MEUR,C,B1G,PL,2018,86631.3,,
ESTAT:NAMA_10_A10(1.0),28/01/26 11:00:00,A,CLV15_MEUR,C,B1G,PL,2019,92157.6,,
ESTAT:NAMA_10_A10(1.0),28/01/26 11:00:00,A,CLV15_MEUR,C,B1G,PL,2020,87018.0,,
ESTAT:NAMA_10_A10(1.0),28/01/26 11:00:00,A,CLV15_MEUR,C,B1G,PL,2021,86330.0,,
ESTAT:NAMA_10_A10(1.0),28/01/26 11:00:00,A,CLV15_MEUR,C,B1G,PL,2022,96985.4,,
ESTAT:NAMA_10_A10(1.0),28/01/26 11:00:00,A,CLV15_MEUR,C,B1G,PL,2023,101696.3,,
ESTAT:NAMA_10_A10(1.0),28/01/26 11:00:00,A,CLV15_MEUR,C,B1G,PL,2024,102469.2,,
ESTAT:NAMA_10_A10(1.0),28/01/26 11:00:00,A,CLV15_MEUR,TOTAL,B1G,DE,1991,1974689.6,,
ESTAT:NAMA_10_A10(1.0),28/01/26 11:00:00,A,CLV15_MEUR,TOTAL,B1G,DE,1992,2014822.1,,
ESTAT:NAMA_10_A10(1.0),28/01/26 11:00:00,A,CLV15_MEUR,TOTAL,B1G,DE,1993,1990799.1,,
ESTAT:NAMA_10_A10(1.0),28/01/26 11:00:00,A,CLV15_MEUR,TOTAL,B1G,DE,1994,2035453.6,,
ESTAT:NAMA_10_A10(1.0),28/01/26 11:00:00,A,CLV15_MEUR,TOTAL,B1G,DE,1995,2072194.6,,
ESTAT:NAMA_10_A10(1.0),28/01/26 11:00:00,A,CLV15_MEUR,TOTAL,B1G,DE,1996,2089152.0,,
ESTAT:NAMA_10_A10(1.0),28/01/26 11:00:00,A,CLV15_MEUR,TOTAL,B1G,DE,1997,2132110.8,,
ESTAT:NAMA_10_A10(1.0),28/01/26 11:00:00,A,CLV15_MEUR,TOTAL,B1G,DE,1998,2180156.8,,
ESTAT:NAMA_10_A10(1.0),28/01/26 11:00:00,A,CLV15_MEUR,TOTAL,B1G,DE,1999,2221985.0,,
ESTAT:NAMA_10_A10(1.0),28/01/26 11:00:00,A,CLV15_MEUR,TOTAL,B1G,DE,2000,2290945.1,,
ESTAT:NAMA_10_A10(1.0),28/01/26 11:00:00,A,CLV15_MEUR,TOTAL,B1G,DE,2001,2335882.3,,
ESTAT:NAMA_10_A10(1.0),28/01/26 11:00:00,A,CLV15_MEUR,TOTAL,B1G,DE,2002,2337295.4,,
ESTAT:NAMA_10_A10(1.0),28/01/26 11:00:00,A,CLV15_MEUR,TOTAL,B1G,DE,2003,2324577.3,,
ESTAT:NAMA_10_A10(1.0),28/01/26 11:00:00,A,CLV15_MEUR,TOTAL,B1G,DE,2004,2361318.4,,
ESTAT:NAMA_10_A10(1.0),28/01/26 11:00:00,A,CLV15_MEUR,TOTAL,B1G,DE,2005,2382232.5,,
ESTAT:NAMA_10_A10(1.0),28/01/26 11:00:00,A,CLV15_MEUR,TOTAL,B1G,DE,2006,2476063.5,,
ESTAT:NAMA_10_A10(1.0),28/01/26 11:00:00,A,CLV15_MEUR,TOTAL,B1G,DE,2007,2559154.7,,
ESTAT:NAMA_10_A10(1.0),28/01/26 11:00:00,A,CLV15_MEUR,TOTAL,B1G,DE,2008,2583460.3,,
ESTAT:NAMA_10_A10(1.0),28/01/26 11:00:00,A,CLV15_MEUR,TOTAL,B1G,DE,2009,2422930.3,,
ESTAT:NAMA_10_A10(1.0),28/01/26 11:00:00,A,CLV15_MEUR,TOTAL,B1G,DE,2010,2534283.9,,
ESTAT:NAMA_10_A10(1.0),28/01/26 11:00:00,A,CLV15_MEUR,TOTAL,B1G,DE,2011,2629245.3,,
ESTAT:NAMA_10_A10(1.0),28/01/26 11:00:00,A,CLV15_MEUR,TOTAL,B1G,DE,2012,2642528.6,,
ESTAT:NAMA_10_A10(1.0),28/01/26 11:00:00,A,CLV15_MEUR,TOTAL,B1G,DE,2013,2654681.4,,
ESTAT:NAMA_10_A10(1.0),28/01/26 11:00:00,A,CLV15_MEUR,TOTAL,B1G,DE,2014,2714315.0,,
ESTAT:NAMA_10_A10(1.0),28/01/26 11:00:00,A,CLV15_MEUR,TOTAL,B1G,DE,2015,2753317.0,,
ESTAT:NAMA_10_A10(1.0),28/01/26 11:00:00,A,CLV15_MEUR,TOTAL,B1G,DE,2016,2816907.3,,
ESTAT:NAMA_10_A10(1.0),28/01/26 11:00:00,A,CLV15_MEUR,TOTAL,B1G,DE,2017,2898585.4,,
ESTAT:NAMA_10_A10(1.0),28/01/26 11:00:00,A,CLV15_MEUR,TOTAL,B1G,DE,2018,2933913.3,,
ESTAT:NAMA_10_A10(1.0),28/01/26 11:00:00,A,CLV15_MEUR,TOTAL,B1G,DE,2019,2953979.6,,
ESTAT:NAMA_10_A10(1.0),28/01/26 11:00:00,A,CLV15_MEUR,TOTAL,B1G,DE,2020,2826233.8,,
ESTAT:NAMA_10_A10(1.0),28/01/26 11:00:00,A,CLV15_MEUR,TOTAL,B1G,DE,2021,2940978.9,,
ESTAT:NAMA_10_A10(1.0),28/01/26 11:00:00,A,CLV15_MEUR,TOTAL,B1G,DE,2022,3004851.8,p,
ESTAT:NAMA_10_A10(1.0),28/01/26 11:00:00,A,CLV15_MEUR,TOTAL,B1G,DE,2023,2988742.3,p,
ESTAT:NAMA_10_A10(1.0),28/01/26 11:00:00,A,CLV15_MEUR,TOTAL,B1G,DE,2024,2971502.3,p,
ESTAT:NAMA_10_A10(1.0),28/01/26 11:00:00,A,CLV15_MEUR,TOTAL,B1G,DE,2025,2969523.9,p,
ESTAT:NAMA_10_A10(1.0),28/01/26 11:00:00,A,CLV15_MEUR,TOTAL,B1G,ES,1995,661693.3,,
ESTAT:NAMA_10_A10(1.0),28/01/26 11:00:00,A,CLV15_MEUR,TOTAL,B1G,ES,1996,678815.2,,
ESTAT:NAMA_10_A10(1.0),28/01/26 11:00:00,A,CLV15_MEUR,TOTAL,B1G,ES,1997,701799.9,,
ESTAT:NAMA_10_A10(1.0),28/01/26 11:00:00,A,CLV15_MEUR,TOTAL,B1G,ES,1998,728837.3,,
ESTAT:NAMA_10_A10(1.0),28/01/26 11:00:00,A,CLV15_MEUR,TOTAL,B1G,ES,1999,760399.0,,
ESTAT:NAMA_10_A10(1.0),28/01/26 11:00:00,A,CLV15_MEUR,TOTAL,B1G,ES,2000,800754.9,,
ESTAT:NAMA_10_A10(1.0),28/01/26 11:00:00,A,CLV15_MEUR,TOTAL,B1G,ES,2001,832550.9,,
ESTAT:NAMA_10_A10(1.0),28/01/26 11:00:00,A,CLV15_MEUR,TOTAL,B1G,ES,2002,854836.5,,
ESTAT:NAMA_10_A10(1.0),28/01/26 11:00:00,A,CLV15_MEUR,TOTAL,B1G,ES,2003,877599.1,,
ESTAT:NAMA_10_A10(1.0),28/01/26 11:00:00,A,CLV15_MEUR,TOTAL,B1G,ES,2004,902190.8,,
ESTAT:NAMA_10_A10(1.0),28/01/26 11:00:00,A,CLV15_MEUR,TOTAL,B1G,ES,2005,932448.7,,
ESTAT:NAMA_10_A10(1.0),28/01/26 11:00:00,A,CLV15_MEUR,TOTAL,B1G,ES,2006,971449.9,,
ESTAT:NAMA_10_A10(1.0),28/01/26 11:00:00,A,CLV15_MEUR,TOTAL,B1G,ES,2007,1010019.4,,
ESTAT:NAMA_10_A10(1.0),28/01/26 11:00:00,A,CLV15_MEUR,TOTAL,B1G,ES,2008,1021165.1,,
ESTAT:NAMA_10_A10(1.0),28/01/26 11:00:00,A,CLV15_MEUR,TOTAL,B1G,ES,2009,987811.3,,
ESTAT:NAMA_10_A10(1.0),28/01/26 11:00:00,A,CLV15_MEUR,TOTAL,B1G,ES,2010,986079.7,,
ESTAT:NAMA_10_A10(1.0),28/01/26 11:00:00,A,CLV15_MEUR,TOTAL,B1G,ES,2011,983599.8,,
ESTAT:NAMA_10_A10(1.0),28/01/26 11:00:00,A,CLV15_MEUR,TOTAL,B1G,ES,2012,956183.5,,
ESTAT:NAMA_10_A10(1.0),28/01/26 11:00:00,A,CLV15_MEUR,TOTAL,B1G,ES,2013,943978.9,,
ESTAT:NAMA_10_A10(1.0),28/01/26 11:00:00,A,CLV15_MEUR,TOTAL,B1G,ES,2014,954184.5,,
ESTAT:NAMA_10_A10(1.0),28/01/26 11:00:00,A,CLV15_MEUR,TOTAL,B1G,ES,2015,987936.0,,
ESTAT:NAMA_10_A10(1.0),28/01/26 11:00:00,A,CLV15_MEUR,TOTAL,B1G,ES,2016,1014168.6,,
ESTAT:NAMA_10_A10(1.0),28/01/26 11:00:00,A,CLV15_MEUR,TOTAL,B1G,ES,2017,1044848.8,,
ESTAT:NAMA_10_A10(1.0),28/01/26 11:00:00,A,CLV15_MEUR,TOTAL,B1G,ES,2018,1070485.3,,
ESTAT:NAMA_10_A10(1.0),28/01/26 11:00:00,A,CLV15_MEUR,TOTAL,B1G,ES,2019,1092668.9,,
ESTAT:NAMA_10_A10(1.0),28/01/26 11:00:00,A,CLV15_MEUR,TOTAL,B1G,ES,2020,973957.2,,
ESTAT:NAMA_10_A10(1.0),28/01/26 11:00:00,A,CLV15_MEUR,TOTAL,B1G,ES,2021,1035148.6,,
ESTAT:NAMA_10_A10(1.0),28/01/26 11:00:00,A,CLV15_MEUR,TOTAL,B1G,ES,2022,1106683.6,,
ESTAT:NAMA_10_A10(1.0),28/01/26 11:00:00,A,CLV15_MEUR,TOTAL,B1G,ES,2023,1135754.0,p,
ESTAT:NAMA_10_A10(1.0),28/01/26 11:00:00,A,CLV15_MEUR,TOTAL,B1G,ES,2024,1180136.3,p,
ESTAT:NAMA_10_A10(1.0),28/01/26 11:00:00,A,CLV15_MEUR,TOTAL,B1G,FR,1975,863863.5,,
ESTAT:NAMA_10_A10(1.0),28/01/26 11:00:00,A,CLV15_MEUR,TOTAL,B1G,FR,1976,895734.9,,
ESTAT:NAMA_10_A10(1.0),28/01/26 11:00:00,A,CLV15_MEUR,TOTAL,B1G,FR,1977,934579.6,,
ESTAT:NAMA_10_A10(1.0),28/01/26 11:00:00,A,CLV15_MEUR,TOTAL,B1G,FR,1978,965941.6,,
ESTAT:NAMA_10_A10(1.0),28/01/26 11:00:00,A,CLV15_MEUR,TOTAL,B1G,FR,1979,995635.3,,
ESTAT:NAMA_10_A10(1.0),28/01/26 11:00:00,A,CLV15_MEUR,TOTAL,B1G,FR,1980,1017364.7,,
ESTAT:NAMA_10_A10(1.0),28/01/26 11:00:00,A,CLV15_MEUR,TOTAL,B1G,FR,1981,1030332.0,,
ESTAT:NAMA_10_A10(1.0),28/01/26 11:00:00,A,CLV15_MEUR,TOTAL,B1G,FR,1982,1054274.1,,
ESTAT:NAMA_10_A10(1.0),28/01/26 11:00:00,A,CLV15_MEUR,TOTAL,B1G,FR,1983,1067965.9,,
ESTAT:NAMA_10_A10(1.0),28/01/26 11:00:00,A,CLV15_MEUR,TOTAL,B1G,FR,1984,1085904.5,,
ESTAT:NAMA_10_A10(1.0),28/01/26 11:00:00,A,CLV15_MEUR,TOTAL,B1G,FR,1985,1102499.9,,
ESTAT:NAMA_10_A10(1.0),28/01/26 11:00:00,A,CLV15_MEUR,TOTAL,B1G,FR,1986,1125933.8,,
ESTAT:NAMA_10_A10(1.0),28/01/26 11:00:00,A,CLV15_MEUR,TOTAL,B1G,FR,1987,1150312.7,,
ESTAT:NAMA_10_A10(1.0),28/01/26 11:00:00,A,CLV15_MEUR,TOTAL,B1G,FR,1988,1202516.7,,
ESTAT:NAMA_10_A10(1.0),28/01/26 11:00:00,A,CLV15_MEUR,TOTAL,B1G,FR,1989,1258775.7,,
ESTAT:NAMA_10_A10(1.0),28/01/26 11:00:00,A,CLV15_MEUR,TOTAL,B1G,FR,1990,1295868.8,,
ESTAT:NAMA_10_A10(1.0),28/01/26 11:00:00,A,CLV15_MEUR,TOTAL,B1G,FR,1991,1312652.1,,
ESTAT:NAMA_10_A10(1.0),28/01/26 11:00:00,A,CLV15_MEUR,TOTAL,B1G,FR,1992,1336428.0,,
ESTAT:NAMA_10_A10(1.0),28/01/26 11:00:00,A,CLV15_MEUR,TOTAL,B1G,FR,1993,1332394.9,,
ESTAT:NAMA_10_A10(1.0),28/01/26 11:00:00,A,CLV15_MEUR,TOTAL,B1G,FR,1994,1359941.7,,
ESTAT:NAMA_10_A10(1.0),28/01/26 11:00:00,A,CLV15_MEUR,TOTAL,B1G,FR,1995,1393474.1,,
ESTAT:NAMA_10_A10(1.0),28/01/26 11:00:00,A,CLV15_MEUR,TOTAL,B1G,FR,1996,1413909.9,,
ESTAT:NAMA_10_A10(1.0),28/01/26 11:00:00,A,CLV15_MEUR,TOTAL,B1G,FR,1997,1449455.3,,
ESTAT:NAMA_10_A10(1.0),28/01/26 11:00:00,A,CLV15_MEUR,TOTAL,B1G,FR,1998,1500483.5,,
ESTAT:NAMA_10_A10(1.0),28/01/26 11:00:00,A,CLV15_MEUR,TOTAL,B1G,FR,1999,1551763.2,,
ESTAT:NAMA_10_A10(1.0),28/01/26 11:00:00,A,CLV15_MEUR,TOTAL,B1G,FR,2000,1615839.9,,
ESTAT:NAMA_10_A10(1.0),28/01/26 11:00:00,A,CLV15_MEUR,TOTAL,B1G,FR,2001,1646248.0,,
ESTAT:NAMA_10_A10(1.0),28/01/26 11:00:00,A,CLV15_MEUR,TOTAL,B1G,FR,2002,1663180.9,,
ESTAT:NAMA_10_A10(1.0),28/01/26 11:00:00,A,CLV15_MEUR,TOTAL,B1G,FR,2003,1678055.6,,
ESTAT:NAMA_10_A10(1.0),28/01/26 11:00:00,A,CLV15_MEUR,TOTAL,B1G,FR,2004,1729641.4,,
ESTAT:NAMA_10_A10(1.0),28/01/26 11:00:00,A,CLV15_MEUR,TOTAL,B1G,FR,2005,1759754.2,,
ESTAT:NAMA_10_A10(1.0),28/01/26 11:00:00,A,CLV15_MEUR,TOTAL,B1G,FR,2006,1807815.1,,
ESTAT:NAMA_10_A10(1.0),28/01/26 11:00:00,A,CLV15_MEUR,TOTAL,B1G,FR,2007,1855723.5,,
ESTAT:NAMA_10_A10(1.0),28/01/26 11:00:00,A,CLV15_MEUR,TOTAL,B1G,FR,2008,1867466.6,,
ESTAT:NAMA_10_A10(1.0),28/01/26 11:00:00,A,CLV15_MEUR,TOTAL,B1G,FR,2009,1818546.7,,
ESTAT:NAMA_10_A10(1.0),28/01/26 11:00:00,A,CLV15_MEUR,TOTAL,B1G,FR,2010,1851181.3,,
ESTAT:NAMA_10_A10(1.0),28/01/26 11:00:00,A,CLV15_MEUR,TOTAL,B1G,FR,2011,1898098.9,,
ESTAT:NAMA_10_A10(1.0),28/01/26 11:00:00,A,CLV15_MEUR,TOTAL,B1G,FR,2012,1905633.7,,
ESTAT:NAMA_10_A10(1.0),28/01/26 11:00:00,A,CLV15_MEUR,TOTAL,B1G,FR,2013,1921344.7,,
ESTAT:NAMA_10_A10(1.0),28/01/26 11:00:00,A,CLV15_MEUR,TOTAL,B1G,FR,2014,1944394.1,,
ESTAT:NAMA_10_A10(1.0),28/01/26 11:00:00,A,CLV15_MEUR,TOTAL,B1G,FR,2015,1960327.3,,
ESTAT:NAMA_10_A10(1.0),28/01/26 11:00:00,A,CLV15_MEUR,TOTAL,B1G,FR,2016,1973652.0,,
ESTAT:NAMA_10_A10(1.0),28/01/26 11:00:00,A,CLV15_MEUR,TOTAL,B1G,FR,2017,2012239.0,,
ESTAT:NAMA_10_A10(1.0),28/01/26 11:00:00,A,CLV15_MEUR,TOTAL,B1G,FR,2018,2044894.0,,
ESTAT:NAMA_10_A10(1.0),28/01/26 11:00:00,A,CLV15_MEUR,TOTAL,B1G,FR,2019,2087958.1,,
ESTAT:NAMA_10_A10(1.0),28/01/26 11:00:00,A,CLV15_MEUR,TOTAL,B1G,FR,2020,1935601.4,,
ESTAT:NAMA_10_A10(1.0),28/01/26 11:00:00,A,CLV15_MEUR,TOTAL,B1G,FR,2021,2062245.5,,
ESTAT:NAMA_10_A10(1.0),28/01/26 11:00:00,A,CLV15_MEUR,TOTAL,B1G,FR,2022,2123579.3,,
ESTAT:NAMA_10_A10(1.0),28/01/26 11:00:00,A,CLV15_MEUR,TOTAL,B1G,FR,2023,2165946.5,p,
ESTAT:NAMA_10_A10(1.0),28/01/26 11:00:00,A,CLV15_MEUR,TOTAL,B1G,FR,2024,2199240.1,p,
ESTAT:NAMA_10_A10(1.0),28/01/26 11:00:00,A,CLV15_MEUR,TOTAL,B1G,IT,1995,1328497.0,,
ESTAT:NAMA_10_A10(1.0),28/01/26 11:00:00,A,CLV15_MEUR,TOTAL,B1G,IT,1996,1346640.0,,
ESTAT:NAMA_10_A10(1.0),28/01/26 11:00:00,A,CLV15_MEUR,TOTAL,B1G,IT,1997,1368860.2,,
ESTAT:NAMA_10_A10(1.0),28/01/26 11:00:00,A,CLV15_MEUR,TOTAL,B1G,IT,1998,1391327.1,,
ESTAT:NAMA_10_A10(1.0),28/01/26 11:00:00,A,CLV15_MEUR,TOTAL,B1G,IT,1999,1413451.4,,
ESTAT:NAMA_10_A10(1.0),28/01/26 11:00:00,A,CLV15_MEUR,TOTAL,B1G,IT,2000,1468369.6,,
ESTAT:NAMA_10_A10(1.0),28/01/26 11:00:00,A,CLV15_MEUR,TOTAL,B1G,IT,2001,1496528.5,,
ESTAT:NAMA_10_A10(1.0),28/01/26 11:00:00,A,CLV15_MEUR,TOTAL,B1G,IT,2002,1502174.5,,
ESTAT:NAMA_10_A10(1.0),28/01/26 11:00:00,A,CLV15_MEUR,TOTAL,B1G,IT,2003,1502784.7,,
ESTAT:NAMA_10_A10(1.0),28/01/26 11:00:00,A,CLV15_MEUR,TOTAL,B1G,IT,2004,1527678.6,,
ESTAT:NAMA_10_A10(1.0),28/01/26 11:00:00,A,CLV15_MEUR,TOTAL,B1G,IT,2005,1539666.4,,
ESTAT:NAMA_10_A10(1.0),28/01/26 11:00:00,A,CLV15_MEUR,TOTAL,B1G,IT,2006,1569461.5,,
ESTAT:NAMA_10_A10(1.0),28/01/26 11:00:00,A,CLV15_MEUR,TOTAL,B1G,IT,2007,1594465.3,,
ESTAT:NAMA_10_A10(1.0),28/01/26 11:00:00,A,CLV15_MEUR,TOTAL,B1G,IT,2008,1581307.6,,
ESTAT:NAMA_10_A10(1.0),28/01/26 11:00:00,A,CLV15_MEUR,TOTAL,B1G,IT,2009,1493875.1,,
ESTAT:NAMA_10_A10(1.0),28/01/26 11:00:00,A,CLV15_MEUR,TOTAL,B1G,IT,2010,1520876.9,,
ESTAT:NAMA_10_A10(1.0),28/01/26 11:00:00,A,CLV15_MEUR,TOTAL,B1G,IT,2011,1532774.8,,
ESTAT:NAMA_10_A10(1.0),28/01/26 11:00:00,A,CLV15_MEUR,TOTAL,B1G,IT,2012,1489492.4,,
ESTAT:NAMA_10_A10(1.0),28/01/26 11:00:00,A,CLV15_MEUR,TOTAL,B1G,IT,2013,1467058.7,,
ESTAT:NAMA_10_A10(1.0),28/01/26 11:00:00,A,CLV15_MEUR,TOTAL,B1G,IT,2014,1466038.3,,
ESTAT:NAMA_10_A10(1.0),28/01/26 11:00:00,A,CLV15_MEUR,TOTAL,B1G,IT,2015,1479703.7,,
ESTAT:NAMA_10_A10(1.0),28/01/26 11:00:00,A,CLV15_MEUR,TOTAL,B1G,IT,2016,1499932.2,,
ESTAT:NAMA_10_A10(1.0),28/01/26 11:00:00,A,CLV15_MEUR,TOTAL,B1G,IT,2017,1527570.2,,
ESTAT:NAMA_10_A10(1.0),28/01/26 11:00:00,A,CLV15_MEUR,TOTAL,B1G,IT,2018,1542715.8,,
ESTAT:NAMA_10_A10(1.0),28/01/26 11:00:00,A,CLV15_MEUR,TOTAL,B1G,IT,2019,1553556.2,,
ESTAT:NAMA_10_A10(1.0),28/01/26 11:00:00,A,CLV15_MEUR,TOTAL,B1G,IT,2020,1424636.7,,
ESTAT:NAMA_10_A10(1.0),28/01/26 11:00:00,A,CLV15_MEUR,TOTAL,B1G,IT,2021,1552357.9,,
ESTAT:NAMA_10_A10(1.0),28/01/26 11:00:00,A,CLV15_MEUR,TOTAL,B1G,IT,2022,1629040.0,,
ESTAT:NAMA_10_A10(1.0),28/01/26 11:00:00,A,CLV15_MEUR,TOTAL,B1G,IT,2023,1644887.8,,
ESTAT:NAMA_10_A10(1.0),28/01/26 11:00:00,A,CLV15_MEUR,TOTAL,B1G,IT,2024,1655895.7,,
ESTAT:NAMA_10_A10(1.0),28/01/26 11:00:00,A,CLV15_MEUR,TOTAL,B1G,NL,1995,417786.2,,
ESTAT:NAMA_10_A10(1.0),28/01/26 11:00:00,A,CLV15_MEUR,TOTAL,B1G,NL,1996,430815.4,,
ESTAT:NAMA_10_A10(1.0),28/01/26 11:00:00,A,CLV15_MEUR,TOTAL,B1G,NL,1997,449683.3,,
ESTAT:NAMA_10_A10(1.0),28/01/26 11:00:00,A,CLV15_MEUR,TOTAL,B1G,NL,1998,470395.3,,
ESTAT:NAMA_10_A10(1.0),28/01/26 11:00:00,A,CLV15_MEUR,TOTAL,B1G,NL,1999,492853.5,,
ESTAT:NAMA_10_A10(1.0),28/01/26 11:00:00,A,CLV15_MEUR,TOTAL,B1G,NL,2000,514746.2,,
ESTAT:NAMA_10_A10(1.0),28/01/26 11:00:00,A,CLV15_MEUR,TOTAL,B1G,NL,2001,526871.5,,
ESTAT:NAMA_10_A10(1.0),28/01/26 11:00:00,A,CLV15_MEUR,TOTAL,B1G,NL,2002,528026.8,,
ESTAT:NAMA_10_A10(1.0),28/01/26 11:00:00,A,CLV15_MEUR,TOTAL,B1G,NL,2003,528347.8,,
ESTAT:NAMA_10_A10(1.0),28/01/26 11:00:00,A,CLV15_MEUR,TOTAL,B1G,NL,2004,539466.0,,
ESTAT:NAMA_10_A10(1.0),28/01/26 11:00:00,A,CLV15_MEUR,TOTAL,B1G,NL,2005,550620.5,,
ESTAT:NAMA_10_A10(1.0),28/01/26 11:00:00,A,CLV15_MEUR,TOTAL,B1G,NL,2006,569618.8,,
ESTAT:NAMA_10_A10(1.0),28/01/26 11:00:00,A,CLV15_MEUR,TOTAL,B1G,NL,2007,592296.3,,
ESTAT:NAMA_10_A10(1.0),28/01/26 11:00:00,A,CLV15_MEUR,TOTAL,B1G,NL,2008,606758.4,,
ESTAT:NAMA_10_A10(1.0),28/01/26 11:00:00,A,CLV15_MEUR,TOTAL,B1G,NL,2009,586635.6,,
ESTAT:NAMA_10_A10(1.0),28/01/26 11:00:00,A,CLV15_MEUR,TOTAL,B1G,NL,2010,595366.8,,
ESTAT:NAMA_10_A10(1.0),28/01/26 11:00:00,A,CLV15_MEUR,TOTAL,B1G,NL,2011,607993.8,,
ESTAT:NAMA_10_A10(1.0),28/01/26 11:00:00,A,CLV15_MEUR,TOTAL,B1G,NL,2012,603486.3,,
ESTAT:NAMA_10_A10(1.0),28/01/26 11:00:00,A,CLV15_MEUR,TOTAL,B1G,NL,2013,605716.6,,
ESTAT:NAMA_10_A10(1.0),28/01/26 11:00:00,A,CLV15_MEUR,TOTAL,B1G,NL,2014,615732.9,,
ESTAT:NAMA_10_A10(1.0),28/01/26 11:00:00,A,CLV15_MEUR,TOTAL,B1G,NL,2015,627626.0,,
ESTAT:NAMA_10_A10(1.0),28/01/26 11:00:00,A,CLV15_MEUR,TOTAL,B1G,NL,2016,641713.0,,
ESTAT:NAMA_10_A10(1.0),28/01/26 11:00:00,A,CLV15_MEUR,TOTAL,B1G,NL,2017,659593.6,,
ESTAT:NAMA_10_A10(1.0),28/01/26 11:00:00,A,CLV15_MEUR,TOTAL,B1G,NL,2018,674181.7,,
ESTAT:NAMA_10_A10(1.0),28/01/26 11:00:00,A,CLV15_MEUR,TOTAL,B1G,NL,2019,690299.4,,
ESTAT:NAMA_10_A10(1.0),28/01/26 11:00:00,A,CLV15_MEUR,TOTAL,B1G,NL,2020,662526.2,,
ESTAT:NAMA_10_A10(1.0),28/01/26 11:00:00,A,CLV15_MEUR,TOTAL,B1G,NL,2021,706817.9,,
ESTAT:NAMA_10_A10(1.0),28/01/26 11:00:00,A,CLV15_MEUR,TOTAL,B1G,NL,2022,746961.3,,
ESTAT:NAMA_10_A10(1.0),28/01/26 11:00:00,A,CLV15_MEUR,TOTAL,B1G,NL,2023,742804.2,,
ESTAT:NAMA_10_A10(1.0),28/01/26 11:00:00,A,CLV15_MEUR,TOTAL,B1G,NL,2024,750946.9,,
ESTAT:NAMA_10_A10(1.0),28/01/26 11:00:00,A,CLV15_MEUR,TOTAL,B1G,PL,1995,178627.4,,
ESTAT:NAMA_10_A10(1.0),28/01/26 11:00:00,A,CLV15_MEUR,TOTAL,B1G,PL,1996,188536.4,,
ESTAT:NAMA_10_A10(1.0),28/01/26 11:00:00,A,CLV15_MEUR,TOTAL,B1G,PL,1997,199293.8,,
ESTAT:NAMA_10_A10(1.0),28/01/26 11:00:00,A,CLV15_MEUR,TOTAL,B1G,PL,1998,208140.2,,
ESTAT:NAMA_10_A10(1.0),28/01/26 11:00:00,A,CLV15_MEUR,TOTAL,B1G,PL,1999,217419.8,,
ESTAT:NAMA_10_A10(1.0),28/01/26 11:00:00,A,CLV15_MEUR,TOTAL,B1G,PL,2000,227027.9,,
ESTAT:NAMA_10_A10(1.0),28/01/26 11:00:00,A,CLV15_MEUR,TOTAL,B1G,PL,2001,230048.8,,
ESTAT:NAMA_10_A10(1.0),28/01/26 11:00:00,A,CLV15_MEUR,TOTAL,B1G,PL,2002,234226.4,,
ESTAT:NAMA_10_A10(1.0),28/01/26 11:00:00,A,CLV15_MEUR,TOTAL,B1G,PL,2003,242055.6,,
ESTAT:NAMA_10_A10(1.0),28/01/26 11:00:00,A,CLV15_MEUR,TOTAL,B1G,PL,2004,255182.9,,
ESTAT:NAMA_10_A10(1.0),28/01/26 11:00:00,A,CLV15_MEUR,TOTAL,B1G,PL,2005,263135.7,,
ESTAT:NAMA_10_A10(1.0),28/01/26 11:00:00,A,CLV15_MEUR,TOTAL,B1G,PL,2006,279394.1,,
ESTAT:NAMA_10_A10(1.0),28/01/26 11:00:00,A,CLV15_MEUR,TOTAL,B1G,PL,2007,298390.0,,
ESTAT:NAMA_10_A10(1.0),28/01/26 11:00:00,A,CLV15_MEUR,TOTAL,B1G,PL,2008,310782.7,,
ESTAT:NAMA_10_A10(1.0),28/01/26 11:00:00,A,CLV15_MEUR,TOTAL,B1G,PL,2009,319754.2,,
ESTAT:NAMA_10_A10(1.0),28/01/26 11:00:00,A,CLV15_MEUR,TOTAL,B1G,PL,2010,329714.2,,
ESTAT:NAMA_10_A10(1.0),28/01/26 11:00:00,A,CLV15_MEUR,TOTAL,B1G,PL,2011,346844.4,,
ESTAT:NAMA_10_A10(1.0),28/01/26 11:00:00,A,CLV15_MEUR,TOTAL,B1G,PL,2012,351499.0,,
ESTAT:NAMA_10_A10(1.0),28/01/26 11:00:00,A,CLV15_MEUR,TOTAL,B1G,PL,2013,353633.3,,
ESTAT:NAMA_10_A10(1.0),28/01/26 11:00:00,A,CLV15_MEUR,TOTAL,B1G,PL,2014,367177.6,,
ESTAT:NAMA_10_A10(1.0),28/01/26 11:00:00,A,CLV15_MEUR,TOTAL,B1G,PL,2015,383948.8,,
ESTAT:NAMA_10_A10(1.0),28/01/26 11:00:00,A,CLV15_MEUR,TOTAL,B1G,PL,2016,395074.5,,
ESTAT:NAMA_10_A10(1.0),28/01/26 11:00:00,A,CLV15_MEUR,TOTAL,B1G,PL,2017,414860.0,,
ESTAT:NAMA_10_A10(1.0),28/01/26 11:00:00,A,CLV15_MEUR,TOTAL,B1G,PL,2018,440755.1,,
ESTAT:NAMA_10_A10(1.0),28/01/26 11:00:00,A,CLV15_MEUR,TOTAL,B1G,PL,2019,460502.5,,
ESTAT:NAMA_10_A10(1.0),28/01/26 11:00:00,A,CLV15_MEUR,TOTAL,B1G,PL,2020,451014.9,,
ESTAT:NAMA_10_A10(1.0),28/01/26 11:00:00,A,CLV15_MEUR,TOTAL,B1G,PL,2021,480914.1,,
ESTAT:NAMA_10_A10(1.0),28/01/26 11:00:00,A,CLV15_MEUR,TOTAL,B1G,PL,2022,507152.5,,
ESTAT:NAMA_10_A10(1.0),28/01/26 11:00:00,A,CLV15_MEUR,TOTAL,B1G,PL,2023,513764.9,,
ESTAT:NAMA_10_A10(1.0),28/01/26 11:00:00,A,CLV15_MEUR,TOTAL,B1G,PL,2024,524407.4,,
